Modes,Bin_0,Bin_1,Bin_2,Bin_3,Bin_4,Bin_5,Bin_6,Bin_7,Bin_8,Bin_9,Bin_10,Bin_11,Bin_12,Bin_13,Bin_14,Bin_15,Bin_16,Bin_17,Bin_18,Bin_19,Bin_20,Bin_21,Bin_22,Bin_23,Bin_24,Bin_25,Bin_26,Bin_27,Bin_28,
bus,2.891571349825982E11,0,2.891571349825982E11,0,2.8915713498259827E11,0,2.8915713498259814E11,0,2.891571349825982E11,0,2.891571349825982E11,0,2.891571349825982E11,0,2.891571349825982E11,0,2.891571349825982E11,0,2.891571349825982E11,0,2.891571349825982E11,0,2.891571349825982E11,0,2.891571349825982E11,0,0,0,0,
car,0,0,0,0,0,0,1.230282642174192E9,1.3872806976724185E11,1.22190157225941E12,2.059933613097257E12,1.6540399884682878E12,7.866330017970382E11,4.732933058940266E11,5.535785076904159E11,5.544531049812753E11,5.16499263699027E11,5.729437587910867E11,7.971676492933326E11,1.725499326365644E12,2.2308252485254897E12,1.6828178483091162E12,1.015666175743117E12,5.4238890537440924E11,2.483345770420058E11,1.1009035706969734E11,1.8034863337457676E10,1.1924086624334784E10,1.7579456224586277E9,1.4477917420144022E10,
rideHail,0,0,0,0,0,0,0,5.23648503659988E8,6.024706554179987E9,1.5761861097033238E9,4.365113514874992E9,7.6638390081696005E9,1.18906390657845E10,1.9426808372173046E10,3.1481751594850197E10,4.254763245835374E10,8.411349934521684E10,1.1580479360998526E11,1.2639701413537868E11,1.3840462797178845E11,1.3889191386657925E11,1.3684833113837373E11,9.825286610390268E10,7.901954995554279E10,2.059459116802515E11,6.232512353038313E10,7.022338941405744E9,7.853660195194799E8,2.5603713352548356E9,
walk,0,0,0,0,0,0,0.027227054,5.398725432000001,51.637627844999706,75.1752393259999,53.925301771999905,21.62875293399992,20.560239755999973,25.531869033999975,52.31658879699997,62.478233004999964,107.38298025099996,118.91910425200025,167.04983933300073,183.54067904000107,225.0823833660009,156.12555978700018,146.21127744400027,109.24605888199989,137.80235659199994,83.01699572999993,4.647157978,0.41675940499999997,0.02491636,
