iterations,bike,car,drive_transit,ride_hail,ride_hail_pooled,ride_hail_transit,walk,walk_transit
benchmark,0.0,79.99999999999999,2.9999999999999996,6.599999999999999,0.0,1.9999999999999996,3.999999999999999,4.399999999999999
0,0,0,0.44344042838018755,5.739625167336012,0,0,34.98159303882196,58.835341365461844
1,0,0,0.24263721552878179,5.639223560910308,0,0,35.94377510040161,58.17436412315931
