iteration #,revenue
0,1379.47677273669
1,1339.8835098404807
