,,model_mean,vot_mean,vot_median
0,52478,15.96,15.61078957307802,9.31047563278535
52478,94460,23.34,22.517919281127465,13.619792958954736
94460,157433,27.66,25.56747342269351,14.82762258617614
157433,500000,34.08,32.272113784420014,20.467458404200116
