Modes,Bin_0,Bin_1,Bin_2,Bin_3,Bin_4,Bin_5,Bin_6,Bin_7,Bin_8,Bin_9,Bin_10,Bin_11,Bin_12,Bin_13,Bin_14,Bin_15,Bin_16,Bin_17,Bin_18,Bin_19,Bin_20,Bin_21,Bin_22,Bin_23,Bin_24,Bin_25,Bin_26,Bin_27,Bin_28,
bus,2.891571349825982E11,0,2.891571349825982E11,0,2.891571349825982E11,0,2.891571349825982E11,0,2.891571349825982E11,0,2.891571349825982E11,0,2.8915713498259814E11,0,2.891571349825982E11,0,2.891571349825982E11,0,2.891571349825982E11,0,2.891571349825982E11,0,2.891571349825983E11,0,2.891571349825982E11,0,0,0,0,
car,0,0,0,0,0,0,1.2724565043729239E9,1.1623882080773524E11,1.2651449046690212E12,2.0401861525929922E12,1.7755712193802227E12,7.408975936289772E11,5.2736453119747577E11,5.513290647159955E11,5.1873140131074506E11,5.2259188953826495E11,5.703092586371761E11,8.048632189226398E11,1.7483362967726138E12,2.1981152649802937E12,1.6858045354136616E12,9.541113630287263E11,5.47065899824483E11,2.549293182045197E11,1.1245542605425719E11,2.9660071051499184E10,2.5372340788027927E10,6.836777638662493E9,1.3410158126015572E10,
rideHail,0,0,0,0,0,0,0,1.7020205548585198E9,6.572266271145936E9,1.8299818663787158E9,3.0056813954660516E9,8.489198099280205E9,1.6189241215693214E10,1.6503920976143301E10,2.7796637045627243E10,4.3858606054502495E10,6.056330138312466E10,1.0509803236527682E11,1.3388562697161403E11,1.2124531934226425E11,1.4444314410567102E11,1.2886764597639565E11,9.702423495710034E10,6.768985180282023E10,2.108537173330081E11,6.030148452624536E10,5.606639885169287E9,1.2039594969682798E9,1.4600509604770317E9,
walk,0,0,0,0,0,0,0.021321794,4.0877161600000065,49.76221929399982,78.9305163249999,52.19034613599983,19.14036159399997,19.961174077999996,23.894518727999955,51.06670516699999,59.66834679199998,113.298320639,120.48443720400029,174.60043006100167,182.54161679700061,228.1031842450011,162.0600118160003,144.80474537100014,106.44929377299987,142.8853565719999,83.36940799399987,5.818320867000001,0.108200242,0.0427551,
