Modes,Bin_0,Bin_1,Bin_2,Bin_3,Bin_4,Bin_5,Bin_6,Bin_7,Bin_8,Bin_9,Bin_10,Bin_11,Bin_12,Bin_13,Bin_14,Bin_15,Bin_16,Bin_17,Bin_18,Bin_19,Bin_20,Bin_21,Bin_22,Bin_23,Bin_24,Bin_25,Bin_26,
bus,0,0,0,0,0,1.0915404496595203E11,5.281425893847706E11,4.326311187842113E11,5.0034961541147424E11,4.228628084381342E11,3.9634244536230383E11,3.970360986643519E11,3.998575379741152E11,4.0666236751503986E11,4.1272582911696625E11,3.351547612857471E11,4.918505584761883E11,4.937194024509594E11,5.4893712784330505E11,2.3376496813313287E11,1.5287084329607993E11,1.1830025135727678E11,0,0,0,0,0,
car,0,0,0,0,0,0,0,2.062963205706038E10,2.120875176158239E11,1.3564549685187561E11,4.205201186509374E10,3.486194091263542E10,3.506718155359665E10,4.8175393239042175E10,3.6517922598294685E10,2.433514475989066E10,4.554329912724841E10,1.0145825828778096E11,2.3668677925860205E11,1.3303460661611035E11,5.746883882668377E10,1.9282205280256344E10,3.5981761052667956E9,4.373357379789816E9,0,0,7.3942704105313635E9,
rideHail,0,0,0,0,0,0,0,3.15267453152E8,1.1718569921601603E10,9.203017335715197E9,5.9821743355808E9,3.431925759831999E9,3.5473959951663995E9,1.9264045004208002E9,5.6277117275664E9,8.10140264256E8,5.7784471707584E9,6.360234818611201E9,1.3307676962873598E10,6.9320663214976015E9,4.8772995638272E9,4.9525533502048E9,1.956380784395199E9,6.001958096639999E8,0,0,0,
walk,0,0,0,0,0,0,0.0,0.9701478810000002,7.00274557500001,5.093343831000001,3.3729247700000005,1.6754824809999997,2.140977506,1.9803745209999999,2.591721889000001,2.7483299459999997,3.6802145300000015,5.005155806000004,9.415698994000007,8.211776593000002,6.347364481999999,3.690640583999999,4.038089716,0.16448263800000001,0,0,0.008801392,
