Modes,Bin_0,Bin_1,Bin_2,Bin_3,Bin_4,Bin_5,Bin_6,Bin_7,Bin_8,Bin_9,Bin_10,Bin_11,Bin_12,Bin_13,Bin_14,Bin_15,Bin_16,Bin_17,Bin_18,Bin_19,Bin_20,Bin_21,Bin_22,Bin_23,Bin_24,Bin_25,Bin_26,Bin_27,Bin_28,Bin_29,
bus,2.891571349825982E11,0,2.891571349825982E11,0,2.8915713498259827E11,0,2.8915713498259814E11,0,2.8915713498259814E11,0,2.8915713498259827E11,0,2.891571349825982E11,0,2.891571349825982E11,0,2.891571349825982E11,0,2.891571349825982E11,0,2.8915713498259827E11,0,2.891571349825982E11,0,2.891571349825982E11,0,0,0,0,0,
car,0,0,0,0,0,0,1.3073388142520158E9,1.3624331252322728E11,1.2411549066048806E12,1.965521142027191E12,1.7188580316977002E12,8.435642736448005E11,4.954265201725983E11,5.60623066560994E11,5.3235744409496985E11,5.41674665954425E11,5.3192248735845435E11,8.422603071898613E11,1.7919372421943147E12,2.2124772222432266E12,1.628042379072301E12,9.969177677183977E11,5.659559328046741E11,2.7872065857358264E11,9.854758211502025E10,2.119908881216362E10,3.820310740254418E9,9.716693041349275E8,7.149594787713186E9,7.260167886905808E9,
rideHail,0,0,0,0,0,0,0,0,3.356795489263308E9,2.1886672117831197E9,3.5077846774065475E9,8.355538618278984E9,1.4861349019310255E10,1.4856169150801872E10,2.6700857301491577E10,4.084571111363085E10,6.84290328865027E10,1.0603527745382661E11,1.154182938261218E11,1.1269702864966705E11,1.3654066990604398E11,1.2563851534620227E11,9.131267603428316E10,6.55793247450986E10,1.793215918572127E11,6.3986200271664375E10,7.406086887403055E9,1.951484702773932E9,2.0158152771326036E9,7.41957527756376E8,
walk,0,0,0,0,0,0,0.027227054,6.497209368000008,50.588109654999855,68.77807212199991,49.35755273999982,21.210388688999945,20.284281635000003,23.85185558299995,51.34733968999998,62.08328914199998,105.23519319900005,122.42751822200015,167.70696916100064,177.8032335230008,224.5302344010011,162.75145750100032,143.09926658599989,108.18514198199989,143.33174191699993,86.20186902699989,4.767317723,0.031845262,0.08458927200000001,0.19626970600000002,
