Modes,Bin_0,Bin_1,Bin_2,Bin_3,Bin_4,Bin_5,Bin_6,Bin_7,Bin_8,Bin_9,Bin_10,Bin_11,Bin_12,Bin_13,Bin_14,Bin_15,Bin_16,Bin_17,Bin_18,Bin_19,Bin_20,Bin_21,Bin_22,Bin_23,Bin_24,Bin_25,Bin_26,Bin_27,Bin_28,
bus,0,0,0,0,0,1.0915404496595203E11,5.2814258938477057E11,4.3263111878421124E11,5.0034961541147424E11,4.228628084381342E11,3.963424453623039E11,3.970360986643519E11,3.998575379741152E11,4.066623675150399E11,4.1272582911696625E11,3.35154761285747E11,4.918505584761882E11,4.9371940245095953E11,5.4893712784330505E11,2.3376496813313287E11,1.528708432960799E11,1.1830025135727678E11,0,0,0,0,0,0,0,
car,0,0,0,0,0,0,1.2229910898545518E9,2.4017665074761996E11,1.7724750211699446E12,2.370100850131361E12,1.3301507967931943E12,5.061172864660536E11,5.743536430601222E11,5.568098848150267E11,5.711073515632549E11,6.202601374056575E11,6.026251159138184E11,1.2693988270500603E12,2.726288378546987E12,2.379276812856376E12,9.028884853266267E11,4.2777777120751733E11,1.514953866572847E11,4.642874278214866E10,3.2110826311983597E10,2.5989358463343243E10,4.64038996741646E9,1.688673689657846E10,5.800973955410809E9,
rideHail,0,0,0,0,0,0,0,1.0490602776996241E9,9.517243628452787E9,1.7857363447216152E10,5.894543903250994E10,6.2452907493969574E10,7.771759937726094E10,1.1268961890901962E11,1.565484041438334E11,1.5177123494238922E11,1.4404878263841818E11,1.8225861198574835E11,2.3570832570885678E11,2.0340072486200168E11,1.9800881811686954E11,1.8907583488784116E11,2.0540439815354575E11,1.0508168481230132E11,5.949942070794145E10,1.127334862803812E10,5.840646753648385E9,0,0,
walk,0,0,0,0,0,0,0.027227054,11.773672279999992,71.32925367499966,67.72480624899973,60.16079751099998,42.21584514000004,53.29732109599999,70.36536705500008,83.29139591600013,102.73154294700004,117.16816704900019,122.87174667900076,184.0392655160018,165.00322557100014,131.9765462420002,80.52232018000002,76.05519800799995,30.74164808799998,14.505859274,3.3459813719999993,0.31100172099999995,0.27623425100000004,0.04313087,
