Modes,Bin_0,Bin_1,Bin_2,Bin_3,Bin_4,Bin_5,Bin_6,Bin_7,Bin_8,Bin_9,Bin_10,Bin_11,Bin_12,Bin_13,Bin_14,Bin_15,Bin_16,Bin_17,Bin_18,Bin_19,Bin_20,Bin_21,Bin_22,Bin_23,Bin_24,Bin_25,Bin_26,Bin_27,Bin_28,
bus,2.891571349825982E11,0,2.891571349825982E11,0,2.8915713498259814E11,0,2.891571349825982E11,0,2.891571349825982E11,0,2.891571349825982E11,0,2.891571349825982E11,0,2.8915713498259827E11,0,2.8915713498259814E11,0,2.891571349825982E11,0,2.891571349825982E11,0,2.891571349825982E11,0,2.8915713498259827E11,0,0,0,0,
car,0,0,0,0,0,0,1.1577163177139041E9,1.4434536361684854E11,1.2770791887341035E12,1.989144873154468E12,1.6660703404039592E12,7.668183160860188E11,5.14657572680726E11,5.391983578015705E11,5.1746176980844073E11,5.759810247410514E11,5.534718082365736E11,7.721848695370083E11,1.6874298005680667E12,2.230536013416269E12,1.7013294408238025E12,1.0508075328409911E12,5.998627817986014E11,2.754400476992817E11,1.2432038919663109E11,1.2482801068243715E10,3.854018103711443E9,1.746105062915484E9,0,
rideHail,0,0,0,0,0,0,0,1.0570622688272158E9,5.780833119912635E9,1.6139545445187E9,4.722214246674407E9,8.2243850439500265E9,1.292463615602474E10,2.1456333495336475E10,2.550193959032305E10,3.4858978220509995E10,7.63045691783813E10,1.0027423440006708E11,1.08634741770827E11,1.1689769927052032E11,9.621875074502917E10,1.2722021835093025E11,8.566054450626982E10,6.593141798272821E10,1.9383662630208603E11,5.958645993264225E10,1.2469492381930342E10,3.029935394188008E9,1.1743583598785877E9,
walk,0,0,0,0,0,0,0.10028023999999999,5.985713629000007,51.74421391900007,76.18340840000005,47.58540281699978,22.017319518999955,19.20569347499999,22.493224962999957,50.74982373200001,62.333003253000015,109.52083860099994,119.34189595800049,171.00889105000067,184.6241340840008,228.0965483800014,162.19008695999992,148.50043749100007,113.91385097899982,145.02721181100003,91.95094141899985,5.796402823000002,0.001965558,0.0,
