Modes,Bin_0,Bin_1,Bin_2,Bin_3,Bin_4,Bin_5,Bin_6,Bin_7,Bin_8,Bin_9,Bin_10,Bin_11,Bin_12,Bin_13,Bin_14,Bin_15,Bin_16,Bin_17,Bin_18,Bin_19,Bin_20,Bin_21,Bin_22,Bin_23,Bin_24,Bin_25,Bin_26,Bin_27,Bin_28,
bus,0,0,0,0,0,8.904739940158722E10,4.8675153384513556E11,3.9834826732915216E11,4.628584076812407E11,3.8398132562050214E11,3.585079033987805E11,3.6882782555151654E11,3.688278255515166E11,3.8089423648162866E11,3.9042143291981744E11,3.0758954591635205E11,4.647112199801113E11,4.719462700261117E11,5.2834228663466815E11,2.2969502034521283E11,1.4682227363323508E11,1.2052862559875197E11,9.23538505568E8,1.5218323677155201E10,0,0,0,0,0,
car,0,0,0,0,0,0,0,2.6336653058535977E11,1.8623464096551611E12,3.0534951579442627E12,1.8841770954516265E12,5.833992012604073E11,6.246574164694803E11,5.932106668125618E11,5.3575859476057544E11,5.309986742490248E11,7.012927606167742E11,1.3942135389933794E12,2.8599660305782207E12,2.8518403113230566E12,1.1624459156552954E12,4.4226320124319934E11,2.199753483732488E11,1.2260602758149223E11,4.7415481687063095E10,2.2050181677449875E10,1.835026871926946E10,1.8381488368941895E10,1.9740598251736057E10,
rideHail,0,0,0,0,0,0,0,2.1254724495054E9,8.896459632736284E9,7.394290828448471E9,1.3731715059775305E10,1.8908839452454163E10,1.9893916914806305E10,2.355424228028783E10,2.6916718138796738E10,1.8714287591096855E10,1.926225710612982E10,3.185784190574491E10,3.014452618532129E10,3.470157832993241E10,2.8477331921953896E10,1.8521409606289837E10,1.6601250700180471E10,7.632409158658259E9,6.405352154734249E9,0,0,0,0,
walk,0,0,0,0,0,0,0.0,12.469078071999965,90.53651255799934,117.22767454800048,69.95454205999984,35.245208819999945,36.726302618000055,43.119814147000135,50.202998935,49.37708143800001,58.037237713000145,90.31130416300037,162.16490655400116,158.99935832900024,84.34384728500011,53.94611322900004,46.80201039999997,19.408724178999986,9.929247847,3.384336518000001,0.113268632,0.09683714799999997,0.041880600000000004,
