iterations,bike,car,drive_transit,ride_hail,ride_hail_pooled,ride_hail_transit,walk,walk_transit
benchmark,0.0,79.99999999999999,2.9999999999999996,6.599999999999999,0.0,1.9999999999999996,3.999999999999999,4.399999999999999
0,0,0,0.9876543209876543,6.518518518518518,0,0,34.02469135802469,58.46913580246913
1,0,0,0.7418397626112759,6.379821958456973,0,0,34.91592482690405,57.9624134520277
