,,model_mean,vot_mean,vot_median
0,52478,7.98,7.699384290921977,4.738393141341917
52478,94460,11.67,11.104350592107876,6.458338049515968
94460,157433,13.83,12.937538596943718,7.9114978293102745
157433,500000,17.04,17.524964172627403,11.79183889504056
