Modes,Bin_0,Bin_1,Bin_2,Bin_3,Bin_4,Bin_5,Bin_6,Bin_7,Bin_8,Bin_9,Bin_10,Bin_11,Bin_12,Bin_13,Bin_14,Bin_15,Bin_16,Bin_17,Bin_18,Bin_19,Bin_20,Bin_21,Bin_22,Bin_23,Bin_24,Bin_25,Bin_26,Bin_27,Bin_28,
bus,2.891571349825982E11,0,2.891571349825982E11,0,2.8915713498259827E11,0,2.891571349825982E11,0,2.891571349825982E11,0,2.8915713498259827E11,0,2.891571349825982E11,0,2.8915713498259827E11,0,2.8915713498259814E11,0,2.8915713498259827E11,0,2.891571349825982E11,0,2.891571349825982E11,0,2.8915713498259827E11,0,0,0,0,
car,0,0,0,0,0,0,1.2229910898545518E9,1.2463718901747374E11,1.2680624192734001E12,2.0011286100692048E12,1.6842136497124758E12,8.036654904242552E11,5.404521516752899E11,5.674307880638923E11,5.208570168165538E11,5.216697516142266E11,5.745447848675564E11,8.340397223652856E11,1.6880933582677412E12,2.1286991248810615E12,1.7277094647187517E12,1.0123507409332395E12,5.301974522771501E11,2.6148036790388126E11,1.0469614584849846E11,2.1622878125979053E10,1.9180441988757763E10,1.2200689325299389E10,1.3313856627342295E10,
rideHail,0,0,0,0,0,0,0,0,5.272524492665615E9,1.7113667255287917E9,3.7859973834884753E9,7.176536752868245E9,7.827935321136851E9,2.5302745008738094E10,2.3072747090025375E10,5.6426067005684044E10,9.129346225075189E10,1.1698892377557523E11,1.5557038107184036E11,1.4574085901322665E11,1.5815056184409274E11,1.6678291427936377E11,1.3166411309011024E11,9.056320706894612E10,2.132928021832588E11,6.7609580463218895E10,1.1279835243241161E10,9.46687589905932E8,3.4472972524063673E9,
walk,0,0,0,0,0,0,0.027227054,4.975707310000003,51.54110859099981,75.69791636900001,48.75988143899975,22.428052505999975,20.86255382299998,25.071599172999928,58.078740423000006,62.51697860199992,121.08812850999998,116.74826702300037,181.99629057500113,190.32571370600178,233.5970286180006,163.19132236200025,151.02751035100027,112.4664957619999,133.85862648599976,80.8832998409999,10.842260774000005,0.395052725,0.041897454,
