Modes,Bin_0,Bin_1,Bin_2,Bin_3,Bin_4,Bin_5,Bin_6,Bin_7,Bin_8,Bin_9,Bin_10,Bin_11,Bin_12,Bin_13,Bin_14,Bin_15,Bin_16,Bin_17,Bin_18,Bin_19,Bin_20,
bus,0,0,0,0,0,1.069821740259111E9,4.1611385555948553E9,3.3087506552108965E9,4.010912009347642E9,3.502837992787436E9,3.024350379160773E9,3.0713781441477957E9,3.080586388889629E9,3.148711982097001E9,3.250866997644264E9,2.6074941607769756E9,4.0824820766583314E9,3.9605937370036993E9,4.3697019537847595E9,1.967283007096496E9,1.0290400002216891E9,
car,0,0,0,0,0,0,0,3.9754347989170335E7,8.229647848525861E7,5.006231739168385E7,5787730.248045269,0,2.4608682027337313E7,0,0,0,0,5.247138218752257E7,0,0,0,
rideHail,0,0,0,0,0,0,0,4.939871009373231E7,1.0575077955561464E8,8.579959198613702E7,1.85198866004895E7,1.1401236643478567E7,3.1227956304699942E7,1.7896400460449602E7,2.10264920741247E7,2.8859809417598184E7,3.9288264671249084E7,2.6434236806491756E8,2.247891157986992E8,1.1314356198663259E8,2.2666082415008962E7,
walk,0,0,0,0,0,0,0,1.2395580262846923E8,1.0563907693610872E9,1.182604636869565E9,4.0490943068851703E8,5.3658411869705474E8,3.3529049345632887E8,7.130288861221459E8,5.295056795773976E8,3.8281421836314774E8,6.50048948642523E8,1.0531104993103474E9,1.7456826203046994E9,9.47703696801142E8,3.742324382399946E8,
