Modes,Bin_0,Bin_1,Bin_2,Bin_3,Bin_4,Bin_5,Bin_6,Bin_7,Bin_8,Bin_9,Bin_10,Bin_11,Bin_12,Bin_13,Bin_14,Bin_15,Bin_16,Bin_17,Bin_18,Bin_19,Bin_20,Bin_21,Bin_22,Bin_23,Bin_24,Bin_25,Bin_26,Bin_27,Bin_28,
bus,2.8915713498259814E11,0,2.891571349825982E11,0,2.891571349825982E11,0,2.8915713498259814E11,0,2.891571349825982E11,0,2.891571349825982E11,0,2.8915713498259827E11,0,2.891571349825982E11,0,2.8915713498259827E11,0,2.891571349825982E11,0,2.891571349825982E11,0,2.891571349825982E11,0,2.891571349825982E11,0,0,0,0,
car,0,0,0,0,0,0,1.349512676450748E9,1.1399502273297382E11,1.2086220397213318E12,2.0476308924298586E12,1.60402952498234E12,7.917368242967034E11,4.9539661918007214E11,5.965834420705253E11,5.238302059763999E11,5.342585155206882E11,5.43454361501311E11,8.643533547136602E11,1.6313094889915708E12,2.198452575907702E12,1.6619201215400889E12,1.0274620459628538E12,5.384838596237532E11,2.7395855046545255E11,1.345217132800114E11,2.421018265715532E10,5.793053635951631E9,6.604043356132129E9,1.8004134372216206E10,
rideHail,0,0,0,0,0,0,0,3.4725981929162395E8,5.837368107344182E9,1.677204147227616E9,2.8742349025571036E9,7.883649403593551E9,1.2696033098721748E10,1.781439119210501E10,2.2506874988214737E10,4.3437013891805176E10,9.340751964487134E10,1.0596698279321594E11,1.1714054644268512E11,1.014174028209603E11,1.1809906608466867E11,1.2317940601640437E11,1.0049207695328807E11,6.51046131460258E10,2.0420805611026617E11,5.500550730722005E10,5.148858142361879E9,1.5488815956355798E9,2.850682442525388E9,
walk,0,0,0,0,0,0,0.027227054,5.161139629000008,51.23667182099989,77.12215706699983,51.97768914799963,21.030380177999938,19.021797519999986,25.17511532799997,50.23040926300004,62.18996605799998,106.36003684399995,116.72278366900058,167.2294754130005,183.78754244000106,222.71283519800124,161.32268169900007,140.22825854699994,114.19189104599995,140.00060785899993,87.44392238399995,4.28564413,0.41681537300000004,0.082453266,
