iterations,drive_transit,ride_hail,walk,walk_transit
0,8.833333333333334,114.33333333333334,696.8333333333333,1171.9999999999998
1,4.833333333333333,112.33333333333334,716.0,1158.8333333333335
