iterations,bike,car,drive_transit,ride_hail,ride_hail_pooled,ride_hail_transit,walk,walk_transit
benchmark,0.0,79.99999999999999,2.9999999999999996,6.599999999999999,0.0,1.9999999999999996,3.999999999999999,4.399999999999999
0,0,0,1.0853478046373952,6.068080907745436,0,0,34.43512580167736,58.411445485939815
1,0,0,0.6934125804853888,5.993065874195146,0,0,35.46310054482417,57.850421000495295
