Modes,Bin_0,Bin_1,Bin_2,Bin_3,Bin_4,Bin_5,Bin_6,Bin_7,Bin_8,Bin_9,Bin_10,Bin_11,Bin_12,Bin_13,Bin_14,Bin_15,Bin_16,Bin_17,Bin_18,Bin_19,Bin_20,Bin_21,Bin_22,Bin_23,Bin_24,Bin_25,Bin_26,Bin_27,Bin_28,
bus,2.891571349825982E11,0,2.891571349825982E11,0,2.891571349825982E11,0,2.891571349825982E11,0,2.8915713498259814E11,0,2.8915713498259827E11,0,2.8915713498259827E11,0,2.891571349825982E11,0,2.891571349825982E11,0,2.8915713498259827E11,0,2.891571349825982E11,0,2.891571349825982E11,0,2.891571349825982E11,0,0,0,0,
car,0,0,0,0,0,0,1.243290295094364E9,1.054904284771245E11,1.2703307556271096E12,2.0281316593497932E12,1.732619947867206E12,7.528310829659052E11,5.138004482841967E11,5.727490189801844E11,5.454037444674647E11,4.9095361680857715E11,5.4260298435579486E11,8.335747935661907E11,1.7055661667377002E12,2.219698309975021E12,1.6373929305637449E12,9.82956424255406E11,5.4239787276654114E11,2.4679334902406616E11,1.2985553103323372E11,3.345010843400849E10,1.1158055979660542E10,9.932427313745224E9,2.0029997227825226E10,
rideHail,0,0,0,0,0,0,0,3.7043336990016E8,5.351136745618116E9,1.6523890484375517E9,4.696045152035362E9,6.713070976060884E9,8.648800245455143E9,2.1200114550729927E10,2.6599842797837536E10,5.439588209585312E10,7.717577146698557E10,1.3035589198624791E11,1.4917423216235663E11,1.2393175011241475E11,1.3541661069229889E11,1.505248015969016E11,1.2710244047556577E11,7.849390861081985E10,2.2222425616265045E11,4.6044171575263E10,2.84468638086918E9,2.977228504445292E9,2.3185916536792316E9,
walk,0,0,0,0,0,0,0.027227054,4.546106005,50.951548833999816,76.54470971799988,50.64481143999989,18.930477830999962,21.281947062999976,22.61329248799998,54.89538774899997,59.65939747699995,118.37812047899997,111.9954339880002,180.91050125200118,182.48674648000133,231.48570662600113,160.98344841500065,138.5888598970002,105.58109732799994,132.77719429299992,83.69695954799992,5.578615647,0.172791342,0.102761064,
