Modes,Bin_0,Bin_1,Bin_2,Bin_3,Bin_4,Bin_5,Bin_6,Bin_7,Bin_8,Bin_9,Bin_10,Bin_11,Bin_12,Bin_13,Bin_14,Bin_15,Bin_16,Bin_17,Bin_18,Bin_19,Bin_20,Bin_21,Bin_22,Bin_23,Bin_24,Bin_25,Bin_26,Bin_27,Bin_28,
bus,2.891571349825982E11,0,2.8915713498259814E11,0,2.891571349825982E11,0,2.8915713498259814E11,0,2.891571349825982E11,0,2.891571349825982E11,0,2.891571349825982E11,0,2.8915713498259814E11,0,2.8915713498259827E11,0,2.8915713498259827E11,0,2.8915713498259827E11,0,2.8915713498259827E11,0,2.8915713498259827E11,0,0,0,0,
car,0,0,0,0,0,0,1.3000472619323761E9,1.3511380159473112E11,1.1589924148899524E12,1.9777155667166902E12,1.7128654726304648E12,8.368253512297726E11,4.571537698724943E11,5.864717750244102E11,5.088690582356908E11,5.573844995809967E11,5.4256605096143567E11,7.951865448679279E11,1.7133380794825923E12,2.2263171919215366E12,1.6382631310655742E12,9.367046603139586E11,5.483075939881722E11,2.6892688082742548E11,9.42531871031076E10,3.1171206855265923E10,1.7784984548764137E10,1.8553239830214172E10,2.8545952222165604E9,
rideHail,0,0,0,0,0,0,0,3.9556704055068E8,6.787597158794984E9,2.8118747880830526E9,5.607061593687935E9,5.784391465504344E9,9.970983932514442E9,2.2503064167224995E10,3.068751739333522E10,5.240334494571222E10,9.129519201480618E10,1.4128059970614008E11,1.5907621230429346E11,1.7310064333549847E11,1.7613418327735986E11,1.5973532073041394E11,1.3199385106442445E11,1.1405367359250735E11,2.1918423680421036E11,7.052564932200859E10,1.775192113500041E10,3.041613003046572E9,2.492329280926175E9,
walk,0,0,0,0,0,0,0.027227054,6.290908935000011,51.42570617899996,77.37203537199983,49.432047684999745,23.458655790999973,21.293863264999978,23.15596966399997,56.46975062900004,64.08793707999989,123.0222013830002,113.8747308310003,193.62506652600158,192.09827088100153,233.47401037100173,163.28188876200053,143.34186528800006,104.76911496200002,131.2211648019998,77.73962243699991,7.832118566,0.07257395999999999,0.012509696,
