Modes,Bin_0,Bin_1,Bin_2,Bin_3,Bin_4,Bin_5,Bin_6,Bin_7,Bin_8,Bin_9,Bin_10,Bin_11,Bin_12,Bin_13,Bin_14,Bin_15,Bin_16,Bin_17,Bin_18,Bin_19,Bin_20,Bin_21,Bin_22,Bin_23,Bin_24,Bin_25,Bin_26,Bin_27,Bin_28,
bus,2.891571349825982E11,0,2.891571349825982E11,0,2.8915713498259827E11,0,2.891571349825982E11,0,2.891571349825982E11,0,2.891571349825982E11,0,2.891571349825982E11,0,2.891571349825982E11,0,2.891571349825982E11,0,2.891571349825982E11,0,2.891571349825982E11,0,2.891571349825982E11,0,2.891571349825982E11,0,0,0,0,
car,0,0,0,0,0,0,1.287039609012204E9,1.3586048233642696E11,1.2089836153799592E12,1.9537715055630493E12,1.7326201248224832E12,8.116290865749203E11,5.1432586058177246E11,5.3669806566385767E11,5.594669679705579E11,5.156912646801663E11,5.722654393299998E11,8.359899802915424E11,1.7531274400750393E12,2.0938146372216992E12,1.7268112552847168E12,1.0358608836538015E12,5.843639500686025E11,2.677964386586715E11,1.0801976601810616E11,2.956188953384334E10,5.1597334317855215E9,1.6494469051133158E9,1.975666060829268E9,
rideHail,0,0,0,0,0,0,0,4.025189486723399E8,6.380025560943912E9,1.579206521709792E9,4.2139439684639997E9,9.252108074739634E9,1.3541409470755226E10,1.544085649410793E10,2.077270236546938E10,3.630619220091236E10,7.838601798092888E10,9.270013933619426E10,1.2398909618851482E11,9.946990209881918E10,1.2161648016590329E11,1.0799297967412685E11,9.99316911196265E10,6.0045588996210434E10,1.8438398601042276E11,5.010341134174348E10,1.1808388104412714E10,3.533503399912548E9,1.135555024611024E9,
walk,0,0,0,0,0,0,0.027227054,5.898868094000008,49.11174154899996,77.53170534499992,50.355456879999934,22.257212146999926,20.44315803899999,25.552715894999974,51.63310583199995,61.87337447999993,105.33311758900007,123.9346952810003,171.7727112030011,178.2489743880014,226.62424775900075,162.0906064370004,146.023516411,106.8330758359999,147.67284636000002,93.41185281699988,6.020566111000001,0.027218361999999996,0.027218361999999996,
