Modes,Bin_0,Bin_1,Bin_2,Bin_3,Bin_4,Bin_5,Bin_6,Bin_7,Bin_8,Bin_9,Bin_10,Bin_11,Bin_12,Bin_13,Bin_14,Bin_15,Bin_16,Bin_17,Bin_18,Bin_19,Bin_20,
bus,0,0,0,0,0,1.069821740259111E9,4.1611385555948563E9,3.3087506552108965E9,4.010912009347642E9,3.502837992787436E9,3.024350379160772E9,3.071378144147795E9,3.080586388889629E9,3.148711982097001E9,3.250866997644264E9,2.607494160776975E9,4.082482076658332E9,3.9605937370036993E9,4.3697019537847595E9,1.967283007096496E9,1.0290400002216889E9,
car,0,0,0,0,0,0,0,3.492238021738933E7,7.200996789912042E7,2.2264622102411263E7,1.4421241618192706E7,0,8839993.954185251,0,0,0,0,9.964417569312458E7,0,0,0,
rideHail,0,0,0,0,0,0,0,3.952671414164292E7,9.902382837934166E7,4.994501164586036E7,0,1.894355911799345E7,3.5147248836551495E7,9851008.629507132,2.2190761915150173E7,6091334.003695449,1.6471419767596908E7,1.9823428662113848E8,2.1745898488079908E8,1.2561679873565789E8,2.056263963103358E7,
walk,0,0,0,0,0,0,0,1.1256993358104765E8,1.0911874862400374E9,1.1552697476222594E9,4.2693205240964884E8,5.282450050223223E8,3.445294514214173E8,7.362405927948816E8,4.969234438855372E8,4.1021796472293377E8,6.167454205229249E8,1.0645446404435321E9,1.816137994528238E9,9.626632464642782E8,4.2405528648274016E8,
