Bin,AverageLinkSpeed
0,100.0
1,100.0
2,100.0
3,100.0
4,100.0
5,100.0
6,100.0
7,100.0
8,99.9461157727363
9,99.96333647425908
10,100.00000000000003
11,99.99999999999999
12,100.00000000000003
13,100.00000000000003
14,99.99999999999999
15,100.00000000000009
16,100.00000000000003
17,99.97692350676827
18,99.93818586464316
19,99.99999999999997
20,100.00000000000023
21,99.99999999999997
22,100.0
23,100.0
24,100.0
25,100.0
26,100.0
27,100.0
28,100.0
29,100.0
30,100.0
