Modes,Bin_0,Bin_1,Bin_2,Bin_3,Bin_4,Bin_5,Bin_6,Bin_7,Bin_8,Bin_9,Bin_10,Bin_11,Bin_12,Bin_13,Bin_14,Bin_15,Bin_16,Bin_17,Bin_18,Bin_19,Bin_20,Bin_21,Bin_22,Bin_23,Bin_24,Bin_25,Bin_26,Bin_27,Bin_28,
bus,2.891571349825982E11,0,2.891571349825982E11,0,2.891571349825982E11,0,2.891571349825982E11,0,2.8915713498259827E11,0,2.8915713498259827E11,0,2.891571349825982E11,0,2.891571349825982E11,0,2.891571349825982E11,0,2.891571349825982E11,0,2.8915713498259827E11,0,2.8915713498259827E11,0,2.891571349825982E11,0,0,0,0,
car,0,0,0,0,0,0,1.2229910898545518E9,2.2023093148297522E11,1.8775592605777974E12,1.6146991046764548E12,1.4024685429290479E12,7.312781828007421E11,4.934113505466522E11,5.2037470360076685E11,5.435355113348843E11,5.607146290087532E11,5.368332223278957E11,8.541550806220902E11,1.8342127047338633E12,2.092477394404587E12,1.6729152163644446E12,9.858452181799272E11,5.268534217817145E11,2.447175202532011E11,9.712211020599963E10,3.3356273576782272E10,1.904244082092212E10,3.659360095362023E9,1.7048105977887428E10,
rideHail,0,0,0,0,0,0,0,1.4564649983436E8,3.7297181435570636E9,2.8467373344654603E9,5.188045098879646E9,7.618120150555727E9,8.132486616746605E9,1.99376412298641E10,1.8547623725053783E10,5.4398276227517685E10,1.1579485963889384E11,1.1207889361692651E11,1.795633475870008E11,1.8442539668752777E11,2.0173758787435413E11,1.7445515028682642E11,1.430680933267502E11,1.1423620375074928E11,2.246187590144404E11,6.702303443503592E10,8.445244082654988E9,3.400150449436056E9,1.5095379708692636E9,
walk,0,0,0,0,0,0,0.027227054,7.285494427000003,71.76613140299983,59.09902810599992,41.352340837999854,21.43034700999996,21.691493644999973,26.952389820999993,60.47585177100002,67.43942382699983,127.6373225569998,128.6848512330003,206.91718138600157,196.6311198900013,240.81924735200093,174.98023882000064,146.64564911999983,103.77110731299994,130.23458400599975,78.83656969099991,7.060271987000001,0.031911405999999996,0.064644418,
