Modes,Bin_0,Bin_1,Bin_2,Bin_3,Bin_4,Bin_5,Bin_6,Bin_7,Bin_8,Bin_9,Bin_10,Bin_11,Bin_12,Bin_13,Bin_14,Bin_15,Bin_16,Bin_17,Bin_18,Bin_19,Bin_20,
bus,0,0,0,0,0,1.0698217402591108E9,4.161138555594856E9,3.3087506552108965E9,4.0109120093476424E9,3.5028379927874365E9,3.0243503791607723E9,3.0713781441477947E9,3.0805863888896284E9,3.148711982097001E9,3.250866997644264E9,2.6074941607769747E9,4.082482076658332E9,3.9605937370036993E9,4.369701953784759E9,1.9672830070964959E9,1.029040000221689E9,
car,0,0,0,0,0,0,0,3.272992395900371E7,9.113525822360632E7,4.733098564019925E7,1.0773132892467258E7,0,2.564644238556969E7,0,0,0,0,8.977191895349732E7,0,0,0,
rideHail,0,0,0,0,0,0,0,4.493262207341997E7,1.0551071327675784E8,4.796640211634584E7,1223255.4788008062,2512239.2279372374,2.2400477871811688E7,1.9324589309059747E7,2.10264920741247E7,6090565.687907769,2.6103365964104153E7,2.2766467930558932E8,2.4925959898736152E8,1.1976762008366805E8,2.6733808221762713E7,
walk,0,0,0,0,0,0,0,1.2715899478317112E8,1.0638307454959632E9,1.176210697035618E9,4.1499071082274765E8,5.379418332049723E8,3.549030154976746E8,7.28460210148362E8,5.295056795773975E8,3.8281421836314774E8,6.644680977537175E8,1.0885923544194915E9,1.7645745596666853E9,9.342881580621752E8,3.8514130210120475E8,
