Bin,AverageLinkSpeed
0,100.0
1,100.0
2,100.0
3,100.0
4,100.0
5,100.0
6,100.0
7,100.0
8,99.92405519405968
9,100.00000000000003
10,100.00000000000003
11,100.0
12,99.99999999999999
13,100.0
14,99.99999999999999
15,100.00000000000003
16,99.9824491138461
17,99.93187528778972
18,99.86127728530859
19,99.99724411724522
20,100.0000000000002
21,100.0
22,100.0
23,100.0
24,100.0
25,100.0
26,100.0
27,100.0
28,100.0
29,100.0
30,100.0
