Modes,Bin_0,Bin_1,Bin_2,Bin_3,Bin_4,Bin_5,Bin_6,Bin_7,Bin_8,Bin_9,Bin_10,Bin_11,Bin_12,Bin_13,Bin_14,Bin_15,Bin_16,Bin_17,Bin_18,Bin_19,Bin_20,Bin_21,Bin_22,Bin_23,Bin_24,Bin_25,Bin_26,Bin_27,Bin_28,
bus,2.891571349825982E11,0,2.891571349825982E11,0,2.891571349825982E11,0,2.891571349825982E11,0,2.891571349825982E11,0,2.891571349825982E11,0,2.891571349825982E11,0,2.891571349825982E11,0,2.8915713498259814E11,0,2.8915713498259827E11,0,2.891571349825982E11,0,2.891571349825982E11,0,2.891571349825982E11,0,0,0,0,
car,0,0,0,0,0,0,1.208407985215272E9,1.157832835960844E11,1.2365403822119148E12,2.0247481474086633E12,1.7084696351239453E12,8.095318853493275E11,5.413571439152083E11,5.225142429480831E11,5.1014718935040924E11,5.0961874106562054E11,5.505259082773591E11,8.79893997102525E11,1.7152908855910747E12,2.1976806741956814E12,1.664952692808848E12,9.795774242812893E11,5.3436684840789935E11,2.904593344118709E11,1.1456432936403273E11,1.9198297457265205E10,9.567248939817661E9,9.716693041349275E8,1.625041237914827E10,
rideHail,0,0,0,0,0,0,0,1.0153287006870599E9,3.3585011706459956E9,1.8644878845163078E9,3.876090788289455E9,9.552847240518806E9,1.5801110747027245E10,1.7717439330418358E10,2.7726725181274567E10,3.577686385154314E10,8.541691713408044E10,9.30939687596457E10,1.3454502530598074E11,1.1105615111818542E11,1.0443956199906572E11,1.1815562751068515E11,9.976550223192438E10,5.787225105922945E10,1.771289602974095E11,7.37165870603022E10,7.199579942929115E9,1.905595826734944E9,1.132988518607868E9,
walk,0,0,0,0,0,0,0.027227054,4.940445244000005,50.82015441399985,75.744886241,49.93212356699984,21.611743219999923,19.69233300900001,25.516886781999975,48.35958219100002,63.023918884999965,107.03692115000014,118.87370646600012,172.4099149920006,182.342845279001,225.54155692200086,162.18612293100034,155.495141588,107.90899740699987,149.76384205699995,85.98031678399987,5.3088030349999995,0.031845262,0.033660088,
