,,model_mean,vot_mean,vot_median
0,52478,7.98,7.865272158961128,4.814299806928328
52478,94460,11.67,11.581605312805474,7.356423843056412
94460,157433,13.83,13.592503464315836,8.177857337928076
157433,500000,17.04,16.12787358696617,9.709591157672927
