Modes,Bin_0,Bin_1,Bin_2,Bin_3,Bin_4,Bin_5,Bin_6,Bin_7,Bin_8,Bin_9,Bin_10,Bin_11,Bin_12,Bin_13,Bin_14,Bin_15,Bin_16,Bin_17,Bin_18,Bin_19,Bin_20,
bus,0,0,0,0,0,1.069821740259111E9,4.161138555594856E9,3.308750655210896E9,4.010912009347642E9,3.5028379927874365E9,3.024350379160772E9,3.0713781441477957E9,3.080586388889629E9,3.1487119820970016E9,3.250866997644264E9,2.6074941607769747E9,4.0824820766583314E9,3.9605937370036993E9,4.369701953784759E9,1.967283007096496E9,1.0290400002216889E9,
car,0,0,0,0,0,0,0,3.411291198485454E7,6.07486543169331E7,2.5120147403232917E7,9523974.87642479,0,4.778916400022149E7,0,0,0,0,6.996588839832973E7,0,0,0,
rideHail,0,0,0,0,0,0,0,4.3021728122784086E7,9.946021262467964E7,7.012362682003921E7,2088566.710433282,2.6156626627395313E7,4.147287481772832E7,583369.7933996869,2.10264920741247E7,2.5230782773277607E7,1.7714903349243846E7,2.1468733881535313E8,1.9751259151901007E8,1.1443462605960897E8,2.4069254701747775E7,
walk,0,0,0,0,0,0,0,1.0479015805233364E8,1.1122128843677611E9,1.1445435576869495E9,4.108903963024093E8,5.281912981169715E8,3.172914343249467E8,7.198463416137134E8,5.013028585046224E8,4.1021796472293377E8,5.846284301406133E8,1.0572735591063236E9,1.783960984503272E9,9.71972177268686E8,4.2405528648274016E8,
