Bin,AverageLinkSpeed
0,100.0
1,100.0
2,100.0
3,100.0
4,100.0
5,100.0
6,100.0
7,99.99999999999999
8,99.91956599789921
9,99.98231860532911
10,99.99999999999999
11,100.0
12,100.00000000000003
13,100.00000000000003
14,99.99999999999999
15,100.00000000000003
16,100.0
17,99.97334898020058
18,99.9049182349894
19,100.0
20,100.00000000000016
21,100.0
22,100.0
23,100.0
24,100.0
25,100.0
26,100.0
27,100.0
28,100.0
29,100.0
30,100.0
