iterations,drive_transit,ride_hail,walk,walk_transit
0,8.166666666666668,123.66666666666667,687.0,1173.1666666666667
1,5.166666666666666,119.16666666666667,705.5,1162.1666666666665
