iterations,bike,car,drive_transit,ride_hail,ride_hail_pooled,ride_hail_transit,walk,walk_transit
benchmark,0.0,79.99999999999999,2.9999999999999996,6.599999999999999,0.0,1.9999999999999996,3.999999999999999,4.399999999999999
0,0,0,0.4099732262382865,6.208165997322625,0,0,34.48795180722892,58.89390896921017
1,0,0,0.25937081659973227,5.982262382864793,0,0,35.416666666666664,58.341700133868805
