iteration #,revenue
0,1498.6492442510876
1,1412.5425881499893
