Modes,Bin_0,Bin_1,Bin_2,Bin_3,Bin_4,Bin_5,Bin_6,Bin_7,Bin_8,Bin_9,Bin_10,Bin_11,Bin_12,Bin_13,Bin_14,Bin_15,Bin_16,Bin_17,Bin_18,Bin_19,Bin_20,Bin_21,Bin_22,Bin_23,Bin_24,Bin_25,Bin_26,Bin_27,Bin_28,
bus,2.891571349825982E11,0,2.8915713498259814E11,0,2.891571349825982E11,0,2.891571349825982E11,0,2.891571349825982E11,0,2.891571349825982E11,0,2.8915713498259814E11,0,2.891571349825982E11,0,2.891571349825982E11,0,2.8915713498259827E11,0,2.8915713498259827E11,0,2.891571349825982E11,0,2.891571349825982E11,0,0,0,0,
car,0,0,0,0,0,0,1.208407985215272E9,1.3226867426538303E11,1.2477412465798135E12,1.9354924691976592E12,1.6239064566769045E12,8.591365380210135E11,5.4218403919281335E11,5.414605699581102E11,5.171884310947635E11,5.244574035539997E11,5.444027571285142E11,8.211136956967534E11,1.8292819502584773E12,2.0978412672186548E12,1.6430440947274934E12,9.92309710308016E11,5.380958955087573E11,2.115239755124768E11,1.4074152415726724E11,4.13304911017495E10,7.757773729951895E9,3.327991436245176E9,1.7836924850426937E10,
rideHail,0,0,0,0,0,0,0,5.83479152326656E8,4.349132044682255E9,6.26005747131768E8,4.523029088743511E9,8.107141960952677E9,1.1941521038744E10,1.749799946783621E10,2.3125769279526455E10,4.774164089786861E10,8.455938922192023E10,1.1842939212117224E11,1.5454707969806036E11,1.5177601024819397E11,1.5744504925129413E11,1.7442253907757297E11,1.297645058646387E11,1.0765057486904724E11,2.3408601997447464E11,8.169520739497105E10,1.268662933905451E10,1.8737972767589755E9,7.26877325366064E8,
walk,0,0,0,0,0,0,0.06495203,5.773438612000007,52.59685110099986,76.19735312399993,51.3634468669998,23.05181014199994,24.695988597000028,27.035884165999963,60.51704978400001,63.04583910199992,128.68893318700003,119.9449994940003,205.28511528600183,192.02944619400125,240.94219383700127,163.81646541800092,151.36877125600026,106.49448385199995,135.4492695879997,74.3225123619999,10.980045828000003,0.027218361999999996,0.092102976,
