Modes,Bin_0,Bin_1,Bin_2,Bin_3,Bin_4,Bin_5,Bin_6,Bin_7,Bin_8,Bin_9,Bin_10,Bin_11,Bin_12,Bin_13,Bin_14,Bin_15,Bin_16,Bin_17,Bin_18,Bin_19,Bin_20,Bin_21,Bin_22,Bin_23,Bin_24,Bin_25,Bin_26,Bin_27,Bin_28,
bus,2.891571349825981E11,0,2.891571349825982E11,0,2.8915713498259827E11,0,2.8915713498259814E11,0,2.891571349825982E11,0,2.891571349825982E11,0,2.891571349825982E11,0,2.891571349825982E11,0,2.891571349825982E11,0,2.8915713498259827E11,0,2.8915713498259827E11,0,2.891571349825982E11,0,2.8915713498259827E11,0,0,0,0,
car,0,0,0,0,0,0,1.191657309260868E9,1.3276636570662003E11,1.271702941484321E12,2.0510629562146035E12,1.5987451807406943E12,7.979628700990713E11,5.506837831462782E11,5.0954967929339404E11,5.3596521217121625E11,5.210314648826083E11,5.537739079424056E11,8.340161354827422E11,1.7590624772888572E12,2.2011575631615195E12,1.635172098719212E12,9.608579314301709E11,5.206814663138605E11,2.5455549873248257E11,1.0905449016943301E11,2.7294959922264248E10,1.4603097968415504E10,7.389005074716135E9,1.342597690729189E10,
rideHail,0,0,0,0,0,0,0,6.594368142874678E8,4.443998661142632E9,1.02609129891438E9,3.893304008596716E9,7.998536573078904E9,1.5881933370390333E10,1.505525444417668E10,2.4380551066311935E10,4.65608453969707E10,7.118179034417683E10,1.2551150778700217E11,1.2339030333659201E11,1.257049705618966E11,1.1926241094153098E11,1.2924947607791008E11,1.1068060593950055E11,7.983679842173619E10,2.089166580195523E11,4.6192872386081566E10,9.311255508487823E9,1.418676407379288E9,2.9665030772978277E9,
walk,0,0,0,0,0,0,0.00590526,6.054825576000006,51.389622983999764,74.85944306599981,46.92365022299978,22.335921492999955,20.66105778699999,24.10956967299998,53.13508311399998,59.44577811499988,118.34181839399996,113.61304640500038,183.02197111400073,178.879707619001,224.84575617400085,160.57189424600028,147.77878917300006,106.18236828299995,131.59048952499998,84.53903626799988,6.165809908000001,0.434685913,0.041897454,
