,,model_mean,vot_mean,vot_median
0,52478,7.98,7.836921424161926,4.803894248496747
52478,94460,11.67,10.984847341358874,6.266594518932744
94460,157433,13.83,13.145465414770392,7.103073207109697
157433,500000,17.04,16.265118631260545,9.780284223493624
