Modes,Bin_0,Bin_1,Bin_2,Bin_3,Bin_4,Bin_5,Bin_6,Bin_7,Bin_8,Bin_9,Bin_10,Bin_11,Bin_12,Bin_13,Bin_14,Bin_15,Bin_16,Bin_17,Bin_18,Bin_19,Bin_20,Bin_21,Bin_22,Bin_23,Bin_24,Bin_25,Bin_26,Bin_27,Bin_28,Bin_29,
bus,2.8915713498259814E11,0,2.891571349825981E11,0,2.8915713498259827E11,0,2.8915713498259814E11,0,2.891571349825982E11,0,2.8915713498259827E11,0,2.8915713498259827E11,0,2.8915713498259814E11,0,2.891571349825982E11,0,2.8915713498259827E11,0,2.891571349825982E11,0,2.8915713498259827E11,0,2.8915713498259827E11,0,0,0,0,0,
car,0,0,0,0,0,0,1.3073388142520158E9,1.3745355419445932E11,1.1997223431943132E12,1.958829159356502E12,1.6705968076867024E12,8.936693044153145E11,4.544998317306183E11,5.673975355226285E11,4.838258197179807E11,5.1033753538261096E11,5.807750134634772E11,7.79399622086489E11,1.7853253425210378E12,2.1880864271414307E12,1.664300325305698E12,9.410125062831854E11,5.888442139608553E11,2.3814257373778342E11,9.900336551963313E10,2.2479615760040062E10,4.057068530411028E9,1.4231360207734203E9,1.5673252310397118E10,2.486615366089844E10,
rideHail,0,0,0,0,0,0,0,2.3762633693803197E8,5.103484949613852E9,2.346001529434596E9,4.912357408546247E9,6.935941310484673E9,1.1712195893949589E10,1.7826637361424477E10,2.8553629228112694E10,3.9669540794493416E10,8.125654886390863E10,1.1942375057392097E11,1.3491118177666812E11,1.4184735802408362E11,1.419944277574473E11,1.3667472217018123E11,1.3276637866414442E11,7.745632896143237E10,2.2574495373289987E11,5.7302665121535286E10,9.240699563557775E9,1.683158587745112E9,2.6551285326209874E9,8.269141249126079E8,
walk,0,0,0,0,0,0,0.06495203,5.524237435000007,50.4347809729999,75.17913668099963,51.27005455999993,21.30949084499992,20.27051451399999,26.19567839899997,55.80890099600012,61.282888070999945,125.17799890800006,114.1785967910004,185.25444093000092,180.06473006100157,233.42821222300125,160.10770832100084,139.95747312000023,107.5873750159999,134.08569274299984,78.0362533669999,4.874194396000001,0.382747291,0.053060737999999996,0.267161234,
