Modes,Bin_0,Bin_1,Bin_2,Bin_3,Bin_4,Bin_5,Bin_6,Bin_7,Bin_8,Bin_9,Bin_10,Bin_11,Bin_12,Bin_13,Bin_14,Bin_15,Bin_16,Bin_17,Bin_18,Bin_19,Bin_20,Bin_21,Bin_22,Bin_23,Bin_24,Bin_25,Bin_26,Bin_27,Bin_28,
bus,2.891571349825982E11,0,2.891571349825982E11,0,2.8915713498259814E11,0,2.891571349825982E11,0,2.891571349825982E11,0,2.891571349825982E11,0,2.891571349825982E11,0,2.891571349825982E11,0,2.8915713498259814E11,0,2.891571349825982E11,0,2.891571349825982E11,0,2.891571349825982E11,0,2.891571349825982E11,0,0,0,0,
car,0,0,0,0,0,0,3.4911942035709596E8,1.4077455694415536E11,1.2336683926258157E12,2.0602462176905632E12,1.5996062511614807E12,8.25452787492467E11,5.032808367514746E11,5.74279566595101E11,5.177798401210878E11,5.171497662348556E11,5.877158965643212E11,7.865289270926156E11,1.7448096824564514E12,2.1803704791220159E12,1.7266324176282551E12,9.262315166884634E11,5.895183909406835E11,2.4748450742848816E11,1.3068346592311748E11,2.8584518526357105E10,2.5708166442857193E10,1.8011908101501236E10,0,
rideHail,0,0,0,0,0,0,0,0,4.03796115564012E9,1.4944293666327238E9,3.3374370788192883E9,9.920507961983507E9,1.1917956537376562E10,2.0530179393180725E10,2.231225794658362E10,4.024130726102698E10,8.025592760774072E10,1.1647813777438615E11,1.2027839838181282E11,1.3544576551466222E11,1.572497919247242E11,1.2402018809532129E11,1.2706312996447281E11,6.921956359197682E10,2.2957449441875806E11,4.4840911653723694E10,5.567153989403664E9,2.4523220738539796E9,2.5431975110568595E9,
walk,0,0,0,0,0,0,0.056650004000000004,5.876585675000006,52.61696990099987,73.1298056619998,50.10464105799977,22.212854326999953,21.066105622999974,25.507481560999956,53.72590506600003,61.32651671699995,114.36181275600005,117.61415579500063,177.56857999800093,179.1669570190011,242.5209389160006,155.66749901900022,148.29863665200014,104.09847437399993,145.554971607,77.1245401059999,5.182081943000001,0.441833811,0.0,
