Modes,Bin_0,Bin_1,Bin_2,Bin_3,Bin_4,Bin_5,Bin_6,Bin_7,Bin_8,Bin_9,Bin_10,Bin_11,Bin_12,Bin_13,Bin_14,Bin_15,Bin_16,Bin_17,Bin_18,Bin_19,Bin_20,Bin_21,Bin_22,Bin_23,Bin_24,Bin_25,Bin_26,Bin_27,Bin_28,Bin_29,
bus,2.891571349825982E11,0,2.8915713498259814E11,0,2.8915713498259814E11,0,2.8915713498259814E11,0,2.891571349825982E11,0,2.8915713498259827E11,0,2.8915713498259827E11,0,2.891571349825982E11,0,2.891571349825982E11,0,2.891571349825982E11,0,2.8915713498259827E11,0,2.891571349825982E11,0,2.891571349825982E11,0,0,0,0,0,
car,0,0,0,0,0,0,3.4911942035709596E8,1.238400548173095E11,1.255604001910009E12,2.1074479582080479E12,1.6972182756764377E12,7.122510758355654E11,5.2420595101508093E11,5.072385009142326E11,5.689749914697136E11,4.9856256512606226E11,5.901743868124031E11,8.098976898727151E11,1.728303771649583E12,2.215276570246511E12,1.6654333808369653E12,9.991201407188043E11,5.485202049736722E11,2.799829074282444E11,1.1452782736361415E11,2.5598719208555172E10,2.511408908271276E9,1.746517347780087E9,2.0157044706670948E10,4.323544075376172E9,
rideHail,0,0,0,0,0,0,0,1.509783116758596E9,4.413156219400284E9,1.0137735360009719E9,2.9693085776383677E9,8.055577951031446E9,1.3418380787708735E10,1.7607592114355587E10,3.0937568294599197E10,4.167939966784724E10,8.8944870394411E10,1.1310556878973964E11,1.2427215068951616E11,1.2219637060753076E11,1.2375885681839369E11,1.498656660777754E11,9.13435734473408E10,7.119434016457129E10,2.0966827583978085E11,3.678318720371465E10,4.849338947129675E9,2.129861254610088E9,3.439298140728624E9,0,
walk,0,0,0,0,0,0,0.056650004000000004,5.238378755000009,50.38184186999997,76.307646601,50.92589333599973,20.257563486999945,20.843976951999963,24.72834626299999,51.65708244899994,60.44938526699995,111.99083692699989,117.33421276300027,173.53793821300061,175.8209745870009,223.56715226800048,154.2401077890002,142.2104336900002,106.40737363499991,141.01608457299994,80.07979000199992,4.48362828,0.404274513,0.07916546399999999,0.04966985100000001,
