Modes,Bin_0,Bin_1,Bin_2,Bin_3,Bin_4,Bin_5,Bin_6,Bin_7,Bin_8,Bin_9,Bin_10,Bin_11,Bin_12,Bin_13,Bin_14,Bin_15,Bin_16,Bin_17,Bin_18,Bin_19,Bin_20,Bin_21,Bin_22,Bin_23,Bin_24,Bin_25,Bin_26,Bin_27,Bin_28,
bus,2.891571349825982E11,0,2.8915713498259814E11,0,2.8915713498259827E11,0,2.891571349825982E11,0,2.891571349825982E11,0,2.891571349825982E11,0,2.891571349825982E11,0,2.891571349825982E11,0,2.8915713498259827E11,0,2.891571349825982E11,0,2.891571349825982E11,0,2.891571349825982E11,0,2.891571349825982E11,0,0,0,0,
car,0,0,0,0,0,0,1.36252032937092E9,1.2747844518826956E11,1.1712173347857258E12,2.0308056260286328E12,1.8217748471659092E12,7.69870372199244E11,4.61547558388681E11,5.4017529034737463E11,4.9621935260557355E11,5.540444367056841E11,5.4316649386900543E11,8.104701760708254E11,1.7120923644289585E12,2.1802923885730178E12,1.710312255157487E12,9.966831810334248E11,5.973363337855446E11,2.5802320382391873E11,1.1238090000240715E11,1.7721172013609955E10,9.002676909613394E9,3.1027624397436247E9,3.6425167534761524E9,
rideHail,0,0,0,0,0,0,0,1.3402640144230556E9,6.303092027252796E9,2.919343447687284E9,4.0748207313762E9,7.221684563223622E9,1.2761853264840424E10,1.8898002119414883E10,2.8556308687080345E10,5.0117367904272675E10,6.950795017967624E10,1.0436549966952519E11,1.0947655875019609E11,9.958790889044673E10,1.186866510707105E11,1.0917782773891763E11,9.129199504017044E10,5.101789372482447E10,2.04150390022581E11,4.8377088622820114E10,1.3272483121317183E10,6.136731550516428E9,1.3669590013116117E9,
walk,0,0,0,0,0,0,0.027227054,5.121323326000001,49.20557168899998,82.78096383399986,53.83136404199976,21.36466167199994,18.98087998299998,25.401098847999993,46.92152672500002,61.863658254999955,107.87176867000005,122.19006470700032,171.92138505400032,186.26638519400132,223.3411703380013,167.21915922800014,148.8161051730004,111.55806373099998,150.94783900199997,95.66977450499995,5.017170217,0.050132276,0.030848544000000002,
