Modes,Bin_0,Bin_1,Bin_2,Bin_3,Bin_4,Bin_5,Bin_6,Bin_7,Bin_8,Bin_9,Bin_10,Bin_11,Bin_12,Bin_13,Bin_14,Bin_15,Bin_16,Bin_17,Bin_18,Bin_19,Bin_20,Bin_21,Bin_22,Bin_23,Bin_24,Bin_25,Bin_26,Bin_27,Bin_28,
bus,2.8915713498259814E11,0,2.891571349825982E11,0,2.891571349825982E11,0,2.891571349825982E11,0,2.891571349825982E11,0,2.891571349825982E11,0,2.891571349825982E11,0,2.891571349825982E11,0,2.891571349825982E11,0,2.8915713498259827E11,0,2.8915713498259827E11,0,2.891571349825982E11,0,2.8915713498259827E11,0,0,0,0,
car,0,0,0,0,0,0,1.2505818474140038E9,1.408586461724868E11,1.2123203964677502E12,1.928363250182375E12,1.7512776714146025E12,8.106763051529489E11,4.528653364997239E11,5.64435809714396E11,5.614798770974904E11,5.666106125060441E11,5.544846298526316E11,8.045844961612805E11,1.6544985867969019E12,2.2883000362955547E12,1.566886848150531E12,9.363215707149026E11,5.951000125949637E11,2.5770830705765714E11,1.304483164365851E11,2.0884203563701645E10,1.6696467955101892E10,3.458756939265072E9,1.1076758770608908E10,
rideHail,0,0,0,0,0,0,0,0,7.167323953079567E9,2.0722246158435118E9,4.531588253416692E9,7.98924105454914E9,8.906776439773499E9,1.6467873405264364E10,2.3168229254332806E10,4.500178887264498E10,8.198707419046407E10,1.4238123485713983E11,1.561607206443139E11,1.7554786524925134E11,1.5290857129938333E11,1.3864004289124295E11,1.4211523141106583E11,1.0478327341995602E11,2.199847372121307E11,6.7563506124432846E10,1.1568198795341797E10,2.338366144626288E9,2.9945695985026197E9,
walk,0,0,0,0,0,0,0.027227054,5.8604987440000045,52.687638404999795,74.03150367199993,56.85712874199983,22.629137685999986,19.995978806999975,29.02544872799996,58.168049663000005,63.90780635099992,122.586217288,113.38212158900026,190.97992551300123,189.55720904200152,234.52257689300092,168.67595438100048,144.04367459300008,103.45968535499993,133.34862089499984,79.05950067599993,7.190590083000001,0.03779006,0.022477194,
