iteration #,revenue
0,25025.983333333286
1,25073.858333333348
2,24188.524999999983
3,25308.72499999998
4,24606.60833333331
5,22937.34999999997
6,22992.49999999999
7,20727.0833333333
8,19868.799999999996
9,19663.858333333348
10,18205.699999999968
11,19549.583333333336
12,18006.825000000008
13,16681.191666666666
14,17727.566666666666
15,17254.733333333348
16,16570.191666666666
17,16089.858333333317
18,16132.008333333355
19,16677.91666666668
20,15914.775000000001
