iteration #,revenue
0,4899.591666666667
1,4996.408333333337
2,5047.799999999999
3,5311.250000000008
4,4940.250000000003
5,5057.274999999997
6,5287.4416666666675
7,5164.191666666666
8,5407.091666666664
9,5473.400000000004
10,5816.475000000001
11,5514.016666666664
12,5534.191666666665
13,5354.491666666664
14,5341.758333333333
15,5200.183333333335
16,5472.016666666667
17,5338.208333333343
18,5678.691666666671
19,5414.950000000002
20,5508.783333333336
