Modes,Bin_0,Bin_1,Bin_2,Bin_3,Bin_4,Bin_5,Bin_6,Bin_7,Bin_8,Bin_9,Bin_10,Bin_11,Bin_12,Bin_13,Bin_14,Bin_15,Bin_16,Bin_17,Bin_18,Bin_19,Bin_20,Bin_21,Bin_22,Bin_23,Bin_24,Bin_25,Bin_26,Bin_27,Bin_28,
bus,2.8915713498259814E11,0,2.891571349825982E11,0,2.8915713498259827E11,0,2.891571349825982E11,0,2.891571349825982E11,0,2.891571349825982E11,0,2.891571349825982E11,0,2.891571349825982E11,0,2.891571349825982E11,0,2.8915713498259827E11,0,2.891571349825983E11,0,2.8915713498259827E11,0,2.891571349825982E11,0,0,0,0,
car,0,0,0,0,0,0,1.320346467172188E9,1.274273553713846E11,1.1302102400626492E12,2.034878382194475E12,1.8073037834908164E12,8.186660269447391E11,5.242267788611359E11,5.206229325955813E11,5.117466554194825E11,5.363137627693431E11,5.630325027632324E11,8.739738317236434E11,1.7008917513585037E12,2.0568142122801135E12,1.760405786321491E12,9.765142794066992E11,6.235237923777609E11,2.77606986975164E11,1.4733347670348764E11,2.778875586050919E10,5.83814647499173E9,5.808360267807272E9,3.7201129532845597E9,
rideHail,0,0,0,0,0,0,0,6.3169043555214E8,8.885083188155E9,3.7017658841576037E9,5.089491216004824E9,8.377097451943214E9,1.3501270594294523E10,1.6541677762275204E10,3.1163848944715687E10,2.7697734094900387E10,7.842899481698293E10,1.0725675238245216E11,1.1077536208979411E11,1.1828714873840614E11,1.148414586116671E11,1.155867035549614E11,9.025827071236122E10,5.697110419369905E10,1.787721780363127E11,4.364182562562313E10,7.136679669840397E9,3.4841388970229397E9,1.7654971105690918E9,
walk,0,0,0,0,0,0,0.027227054,5.151462253,48.88912734499995,77.76731085600007,49.98791454699994,20.864940094999973,20.276922690999978,25.25552878299996,46.871191088,65.19992557500001,106.62855185700005,124.40325916500053,166.03753705400064,181.55207499700072,229.72983316200094,163.77999903300048,147.54233513200003,112.32921638099984,150.99469105499995,88.57903403699987,4.8769295139999995,0.40535083699999996,0.06917019399999999,
