Modes,Bin_0,Bin_1,Bin_2,Bin_3,Bin_4,Bin_5,Bin_6,Bin_7,Bin_8,Bin_9,Bin_10,Bin_11,Bin_12,Bin_13,Bin_14,Bin_15,Bin_16,Bin_17,Bin_18,Bin_19,Bin_20,Bin_21,Bin_22,Bin_23,Bin_24,
bus,0,0,0,0,0,8.644154978025284E10,4.351605321136635E11,3.5870407952220776E11,4.12844705533277E11,3.474192696714437E11,3.2753605056271716E11,3.280456471342403E11,3.305882061939074E11,3.3608699064342114E11,3.408588225280003E11,2.784341378701122E11,4.040029308848069E11,4.043022725687679E11,4.5176727270527966E11,1.9374211209834872E11,1.2566024182234877E11,9.935667994360645E10,0,0,0,
car,0,0,0,0,0,0,7.288497485119439E8,2.37818172692878E11,1.708567501603605E12,1.7990419675621094E12,7.435618959579308E11,4.044198219395559E11,3.5098819364829156E11,4.8163890229551825E11,4.1747314542111597E11,4.415888707363403E11,4.7160405295067914E11,1.1240145397351663E12,1.608915486605012E12,1.3296773976997183E12,9.85471000296738E11,5.55162767515726E11,2.641042405319383E11,1.0207697156640457E11,2.791675525929782E10,
rideHail,0,0,0,0,0,0,0,1.9121484075163198E8,3.4949445561138954E9,7.644049727321053E9,1.2776644082521E10,2.3128286703998116E10,3.844931450002925E10,2.6652786064235962E10,4.311555420491983E10,2.7715197958228516E10,2.7442198757864548E10,3.7480584590652794E10,7.559899441564308E10,3.16049175753008E10,5.288463216116522E10,2.8403096825422623E10,1.7794134916844757E10,7.860032155940258E9,7.055979423095843E9,
walk,0,0,0,0,0,0,0.0,4.2205128144379795,16.232228126027593,33.90804849286723,47.9455072483513,53.60576707888798,66.37931667452611,75.81864556627674,110.16810196141552,106.85495947973011,108.3452954123215,132.15455952852776,129.13412154466224,103.44990679014904,102.87003281057959,107.98758915895382,49.40222722621808,13.397385886974662,4.986067702224142,
