Modes,Bin_0,Bin_1,Bin_2,Bin_3,Bin_4,Bin_5,Bin_6,Bin_7,Bin_8,Bin_9,Bin_10,Bin_11,Bin_12,Bin_13,Bin_14,Bin_15,Bin_16,Bin_17,Bin_18,Bin_19,Bin_20,Bin_21,Bin_22,Bin_23,Bin_24,Bin_25,Bin_26,Bin_27,Bin_28,
bus,2.891571349825982E11,0,2.891571349825982E11,0,2.8915713498259827E11,0,2.8915713498259814E11,0,2.891571349825982E11,0,2.8915713498259827E11,0,2.8915713498259827E11,0,2.891571349825982E11,0,2.891571349825982E11,0,2.8915713498259827E11,0,2.8915713498259827E11,0,2.891571349825982E11,0,2.891571349825982E11,0,0,0,0,
car,0,0,0,0,0,0,1.106675451476424E9,1.2529974061119229E11,1.2043327578270417E12,1.977870696815484E12,1.7446337766034563E12,8.663713468548776E11,5.147817497407253E11,5.767063897008273E11,5.556188975013922E11,5.1938135963055255E11,5.8011801004608E11,8.294000533074065E11,1.7304745094433516E12,2.260441219231956E12,1.6086689170895042E12,9.431320136905586E11,5.1775738499321594E11,2.0400205084448605E11,1.1378839118685187E11,2.590193286882644E10,1.1440266540088243E10,7.660135904780986E9,1.3429604752332195E10,
rideHail,0,0,0,0,0,0,0,3.66274789899228E8,7.316376972968194E9,2.731194697487436E9,4.738131191013731E9,6.183876128457312E9,9.03815369500201E9,1.4910553843617384E10,2.5577895289022614E10,5.723292916539152E10,9.934376701292323E10,1.2651244486646484E11,1.809217539678434E11,1.5924226389459128E11,1.584039781678087E11,1.6701835249618546E11,1.4812664773358826E11,1.0784608689604474E11,2.1948120978047247E11,5.099181991379859E10,1.3080399864668203E10,5.143352110716167E9,2.1198251939330516E9,
walk,0,0,0,0,0,0,0.062555264,5.450346319000005,50.359343051999886,75.11829135599977,53.03250415799982,23.981300503999933,24.72034373999997,24.36977216599997,59.537951369000005,63.191806401999926,126.32349315500001,118.40723740700054,196.72562456100124,203.2265793860016,241.13258706200148,165.18841000900093,150.46188454600016,106.14840529999998,133.64905595299996,78.17395452199989,8.261296719,0.11050648399999999,0.025842376,
