Modes,Bin_0,Bin_1,Bin_2,Bin_3,Bin_4,Bin_5,Bin_6,Bin_7,Bin_8,Bin_9,Bin_10,Bin_11,Bin_12,Bin_13,Bin_14,Bin_15,Bin_16,Bin_17,Bin_18,Bin_19,Bin_20,Bin_21,Bin_22,Bin_23,Bin_24,Bin_25,Bin_26,Bin_27,Bin_28,
bus,2.891571349825982E11,0,2.891571349825982E11,0,2.891571349825982E11,0,2.8915713498259814E11,0,2.8915713498259814E11,0,2.891571349825982E11,0,2.891571349825982E11,0,2.891571349825982E11,0,2.891571349825982E11,0,2.8915713498259827E11,0,2.891571349825982E11,0,2.891571349825982E11,0,2.891571349825982E11,0,0,0,0,
car,0,0,0,0,0,0,6.252635034914038E8,1.3613468933511806E11,1.1792624971122383E12,2.0048656502610671E12,1.7276276396541848E12,8.658787547884352E11,4.997600878746645E11,5.129571117406115E11,5.537000255784808E11,5.886770969741129E11,5.301130050808492E11,7.802754215476614E11,1.7003248917362747E12,2.1640289858176511E12,1.761987015525836E12,9.766096234882999E11,5.649579753013837E11,2.910085440535996E11,1.2060828360072165E11,2.0238920292489765E10,1.1851895282775162E10,0,4.1857500970454745E9,
rideHail,0,0,0,0,0,0,0,4.935073388397119E8,4.83088311332892E9,1.7327098622225878E9,3.192746032798128E9,8.359166594203379E9,1.258671753380819E10,1.9904148254536663E10,2.5942541226496452E10,3.3132110892913063E10,8.130467520336366E10,1.0773915041112602E11,9.86566106511375E10,1.110832559031411E11,1.1062635762790067E11,1.0927672558516533E11,9.765039292242178E10,5.913752713187002E10,1.9726166527628333E11,4.6720595311276474E10,5.83007511529962E9,3.5889123915694437E9,1.3128307104166558E9,
walk,0,0,0,0,0,0,0.021321794,5.679819571000012,46.78673903299995,72.64538375399994,52.90560567499986,23.291032319999935,20.29072277799998,23.27525692299999,48.65011038300001,64.80701945599992,104.91448171899992,117.91256779000028,166.90338671200095,180.02916340400066,225.6194797480006,169.45428036900017,141.3911708200001,111.12391931899981,150.67803985199996,94.00222490499988,4.816658974000001,0.362322681,0.046638622,
