Modes,Bin_0,Bin_1,Bin_2,Bin_3,Bin_4,Bin_5,Bin_6,Bin_7,Bin_8,Bin_9,Bin_10,Bin_11,Bin_12,Bin_13,Bin_14,Bin_15,Bin_16,Bin_17,Bin_18,Bin_19,Bin_20,Bin_21,Bin_22,Bin_23,Bin_24,Bin_25,
bus,0,0,0,0,0,8.818466962334512E10,4.450947739369689E11,3.668214058759623E11,4.226829980023973E11,3.569270280776107E11,3.3341286045864886E11,3.334549507527751E11,3.359975098124421E11,3.414962942619559E11,3.462681261465348E11,2.8468678404215283E11,4.138606893410808E11,4.143540206193633E11,4.625858799423493E11,1.9829266128755557E11,1.2566024182234877E11,9.935667994360643E10,0,0,0,0,
car,0,0,0,0,0,0,7.288497485119439E8,2.4078543228018127E11,1.7008384872952012E12,1.7665584785316233E12,8.102435407248451E11,3.7482121811131036E11,3.675421982044815E11,4.836645396378517E11,4.188003240374726E11,4.5280954702803467E11,4.6189465761320135E11,1.0056912929046277E12,1.586256686083913E12,1.3556596063582048E12,9.975461427292162E11,6.386877582259211E11,2.7512494020964514E11,9.129712857571304E10,2.5710398932678024E10,3.7155263823289447E9,
rideHail,0,0,0,0,0,0,0,1.170063529546212E9,4.1703956924991827E9,9.998951767119896E9,1.8087862229591793E10,3.1975201999113396E10,3.855923422587458E10,3.561966225035282E10,4.476630981998904E10,3.2548783958776127E10,3.277055630661922E10,3.791124257031246E10,6.714666243630298E10,2.595925604021184E10,5.104987629782252E10,3.86691692651577E10,1.4079397765542337E10,5.297712480210995E9,7.778846329244064E9,0,
walk,0,0,0,0,0,0,0.0,3.9252191274379813,20.056157244027595,41.52119400786716,54.519755137351375,48.80108721788793,64.04227838852611,78.3642908703335,104.60094370598938,107.92282446772995,107.06683863432156,127.16681793252769,136.68254706366253,110.64644834914893,112.32175177057958,109.90521740395388,53.86898650721804,16.121509301974665,5.768554349224141,0.8223029500000001,
